id,label
3558,3591
1084,1205
3702,3672
3007,3277
667,559
1053,107
1894,1824
2493,2344
1325,1187
3517,3968
3877,3968
140,137
204,92
956,107
291,200
1,200
3809,3920
3973,3591
3706,3591
2334,2353
755,774
1813,1205
2335,2371
2506,2353
1393,1205
450,559
2021,2353
160,200
2797,3277
1596,1115
3165,1205
1780,1205
2346,2640
3932,3439
2117,2344
2904,3277
355,559
1500,1070
3449,3968
347,200
548,559
2351,2344
2541,2371
1732,1824
3903,3591
2602,2353
2325,2344
1550,1115
528,559
2938,3107
1716,1115
453,559
2912,3026
1310,1070
1031,1205
2192,2640
2718,3107
1202,1205
196,92
2706,3026
3118,3277
1377,1205
1005,1070
3296,3277
2511,2344
1144,1187
1363,1097
1670,1205
3351,3277
3568,3591
2657,2640
2180,2344
266,92
1344,1205
2235,2344
2239,2344
3191,3277
2618,2371
2909,3026
2787,3277
83,200
2974,3026
988,1115
3270,3277
3918,3708
735,774
1279,1115
1567,1187
3722,3753
2790,3277
1468,1097
3490,3905
836,774
1678,1205
2439,2051
1800,1205
2744,3107
1656,1205
3169,3277
3963,3905
95,95
1641,1205
379,532
2251,2371
436,559
3700,3830
959,1205
2366,2344
259,110
1977,2344
759,774
1906,1070
2070,2371
961,1205
3128,3322
2588,2344
1035,1070
1674,1205
1044,1115
2867,3026
734,774
2398,2344
491,559
2205,2344
4,218
3488,3672
2875,3277
417,559
2555,2344
1300,559
1042,1070
3957,3708
2976,3277
359,559
3499,3591
1947,2344
685,678
152,218
3919,3594
3737,3672
1431,1205
1187,1187
3140,3277
3304,3026
406,559
2175,2344
1883,1205
888,729
2819,3277
874,873
3298,3277
2017,2344
1013,1070
162,137
2591,2353
4016,4007
483,559
2200,2353
2724,2775
3164,1205
120,200
2613,2353
3061,2685
3045,3026
2837,3026
2581,2344
2352,2353
3328,3277
2281,1961
1369,1205
3602,3726
601,559
1623,1205
2361,2371
1710,1205
2332,2344
2059,2353
1688,1205
2653,2344
1755,1115
1750,1205
3067,3277
1228,1070
306,218
3323,3107
2080,2371
282,137
1132,1205
360,559
177,227
3202,3026
3653,3923
52,137
123,200
3374,3277
2507,2353
1608,1205
2641,2344
2518,2344
1481,1070
2132,2344
720,774
3533,3968
770,774
2824,2721
3569,3591
2917,3026
219,95
2829,2775
362,559
862,3968
305,137
1066,1824
2972,2703
1417,1115
3655,3920
3541,3917
671,559
1290,1205
3380,3277
1981,2344
966,1205
694,774
280,200
587,559
922,1205
1133,1205
3846,3672
117,200
2297,2640
446,559
1795,1205
245,110
3337,3107
2930,2930
1205,1205
3685,3753
3624,3905
1730,1205
3713,3753
163,200
3930,3672
2321,2344
1117,1205
2151,2344
2497,2371
209,200
3853,3672
3946,3690
348,559
1123,1205
2079,2344
1911,1205
1545,559
3220,3026
2054,2344
3274,3277
1933,2371
2412,2371
3549,3905
635,577
171,1205
3137,3026
2005,2353
2030,2353
1268,1070
3435,3026
1418,1070
2527,2344
679,678
1483,1205
1651,1205
1207,1205
543,559
288,200
2629,2344
3810,3591
2452,2344
3416,3277
981,1115
2948,3026
299,92
3230,3026
1769,1205
3029,3026
2906,3026
539,559
3575,3672
332,200
1865,1205
2893,3107
2586,2353
1139,1070
1809,1205
3357,3277
3400,3026
1092,1205
2644,2371
2425,2344
3186,3277
2696,3107
1988,2401
3938,3968
1294,1142
1070,1070
2194,2344
1265,1205
2053,2344
532,559
3360,3277
2672,3277
118,200
3022,3026
1681,1070
897,1205
858,881
3539,3690
1959,2344
1196,1205
2749,3026
738,774
1365,1205
1216,1097
1930,2371
1622,1205
2818,3277
3090,3026
3228,3026
2561,2353
2113,2051
1919,2640
3378,3277
28,137
1935,2640
3148,3277
2809,3026
2245,1961
633,678
958,1097
2312,2344
1870,559
3105,3053
3196,3107
106,200
3785,3672
3664,3920
2689,3026
3855,3591
3338,3376
3183,3026
3447,3905
2137,2344
435,424
274,200
1293,1205
2710,3026
3511,3591
3796,3968
3345,3277
699,774
2008,2371
3873,3968
3885,3672
3013,3277
1459,1115
3132,3277
1288,1205
3579,3708
3172,3277
1642,1205
2679,3026
891,774
3552,3968
2889,2703
1079,1205
3474,3726
3576,3672
1209,1205
1095,559
3921,3753
2300,2353
88,200
805,774
3762,3672
3717,3830
3257,3026
817,774
3466,3726
1576,1115
319,95
3931,3591
2161,2344
3317,3026
3010,3026
3156,3107
767,732
3053,3053
1448,1115
1802,1097
1473,1070
1253,1205
3927,3690
1771,1752
913,1070
497,559
2256,2344
396,559
2170,2401
1818,1070
175,227
418,559
3536,3549
1141,1070
238,200
3690,3591
3012,3020
20,137
2295,2344
3719,3591
18,200
1495,1824
268,200
2548,2051
2907,3026
3832,3672
3481,3594
2149,2344
1899,1115
1618,1205
1722,1205
504,559
2918,3107
3062,2775
614,559
1904,1070
2449,2353
1153,1205
471,559
627,577
3799,3439
2606,2353
3438,3968
3996,3980
3283,2703
86,227
1381,1115
60,200
1715,1115
3121,3020
391,559
1462,1115
2447,2640
3675,3708
2538,2640
3752,3726
638,559
2301,1961
2575,2353
3646,3591
349,559
426,559
36,184
1206,1205
2883,1205
2290,2353
3046,3277
358,559
978,1205
3797,3968
924,1070
2446,2353
3151,3277
2558,2051
4012,3995
45,200
3841,3968
2095,2353
1457,1205
1322,1115
1616,559
148,200
2890,3026
2662,3277
940,1070
853,774
3244,3107
1781,1070
2509,2344
3758,3591
3346,2775
2058,2353
3955,3591
3906,3591
281,184
3770,3591
128,200
2203,2344
1861,1205
3707,3672
1285,1205
3035,3277
560,559
3415,2775
1701,1205
2196,2344
3933,3920
1301,1205
2722,3277
1841,1115
2453,2344
2860,2775
1530,1205
1201,1205
3366,2775
2795,3277
2658,2640
3405,2685
1517,1205
2788,3053
642,559
1663,1205
3184,3026
960,1205
3887,3672
580,559
3162,2775
3994,3998
778,774
210,200
3223,2775
1426,1115
1786,1824
2073,2353
2242,2344
3209,3277
3871,3917
373,559
369,424
3371,2775
2436,2344
1840,1070
3837,3708
3255,3107
3547,3672
3325,2703
2304,2344
2051,2371
2062,2344
3404,3107
3753,3753
2785,3277
3577,3968
2616,2344
2331,2353
17,137
3015,3277
3651,3968
3788,3968
2234,2353
2362,2344
2863,3277
512,559
2632,2371
1889,107
77,200
775,774
3683,3968
3063,3020
366,559
1971,2353
3693,3968
2036,2344
1058,1205
1908,1205
3171,3107
2163,2344
3385,3107
1654,559
3636,3753
1475,1115
434,559
3472,3753
3092,3026
2250,2344
2540,2371
1062,1070
2874,3026
96,200
2857,3053
698,774
3556,3968
1823,1205
1801,1142
1551,1205
3807,3923
2804,3277
1316,1824
1873,1115
2756,3026
2879,2703
1006,1205
2845,3277
263,227
1477,1205
885,873
3348,3026
1563,1205
3347,3277
2370,2353
3886,3968
3527,3672
1025,559
3593,3591
1579,1187
2798,3026
3730,3672
2836,3107
3505,3753
72,200
2009,2640
2856,3277
3891,3672
1671,559
3665,3489
652,559
2088,2353
2748,3277
1709,1070
76,200
1192,1115
847,774
2420,2344
3695,3594
902,1115
3411,3277
1918,2353
1693,1205
507,559
2271,2353
181,218
571,559
124,200
984,1824
3243,3026
2286,2371
1340,1205
1420,1205
1585,1205
3821,3591
3249,3107
8,110
3413,3026
3585,3863
3888,3950
372,559
3964,3920
3340,3277
2197,2371
3824,3672
600,577
2774,2774
2374,2353
937,1070
1178,1205
2582,2344
2780,3277
2633,2640
1171,1205
910,107
2441,2051
3185,3277
798,774
279,137
2835,3026
2760,1205
2654,2353
3011,3277
1007,1115
773,774
1266,1779
1727,1070
3057,1205
3021,3277
1766,559
3104,3026
726,774
2490,2401
1298,1115
1258,1070
3975,3708
2257,2353
1346,1205
3226,3026
1874,1205
613,559
3553,3753
606,559
1184,1205
608,559
678,678
943,1070
2429,2353
2859,3277
190,200
763,774
3458,3591
2128,2344
3775,3672
1396,1824
378,559
872,873
1233,1205
2551,2353
1653,1205
26,200
3648,3591
2637,2344
3629,3753
1534,1205
3563,3968
757,774
2001,2640
1023,1205
3099,3107
1737,1205
1089,1070
2146,2371
3386,3277
3639,3594
1856,1205
2757,3026
294,200
3087,3107
188,200
2640,2640
2296,2344
3312,3107
3557,3672
634,559
911,1205
2479,2344
3261,3277
2727,3277
273,218
3327,3107
3187,3107
3972,3726
2478,2353
2241,2344
3645,3645
2380,2371
1342,1743
1183,1070
921,1205
1378,1097
232,200
3329,3277
1811,1205
3852,3672
1267,1205
899,1205
1387,1205
1948,2344
3881,3645
895,881
2505,2344
3694,3753
1832,1205
258,200
2311,2353
1367,1205
2179,2353
2966,3026
361,559
3956,3726
1303,1824
484,559
550,559
3194,3277
1392,1115
881,881
3460,3726
609,678
762,774
3181,2930
3798,3672
1434,1205
1166,1824
130,200
860,3026
641,559
1547,1205
1685,1205
1625,1142
1591,1115
4022,3980
1415,1070
1449,1205
990,1205
1358,559
2145,2344
3625,3968
3509,3591
2877,3026
2316,2371
2144,2344
38,200
2430,2353
1644,1752
2714,2775
2531,2344
3262,3277
2209,2344
1812,1824
1535,1205
2751,3277
1045,1788
2908,3026
1274,1187
2989,3277
681,577
1822,1779
3277,3277
1639,1205
2274,2344
1695,1142
3122,3053
2981,3026
1860,1205
1875,1115
3657,3917
3907,3753
3698,3753
2895,3277
1980,2640
1224,1205
3523,3594
898,1824
1969,2344
1773,1142
296,227
1026,1205
229,200
3899,3708
953,1205
783,774
3297,3277
3442,3753
2500,2353
1507,1070
2870,3107
2651,2344
2496,2344
2611,2353
2580,2371
2407,2353
655,678
1629,1097
3924,3591
2085,2344
997,1205
248,200
852,774
2408,2353
3163,3026
1064,1743
3958,3591
178,200
1397,559
1504,1070
167,137
3965,3708
1944,2344
3241,2775
3765,3968
3756,3968
3127,2774
756,774
3928,3672
1508,1824
3038,3277
1090,1070
1051,1070
2106,2421
1844,559
2702,3107
2925,3026
1122,559
1411,1205
2309,2353
1539,1205
1692,559
2939,3277
3544,3672
227,227
1351,1205
3276,3277
2336,2344
2754,3026
244,137
669,559
1960,2371
684,678
2423,2353
2684,3277
101,92
2826,1205
3637,3968
1388,1205
3833,3591
970,1187
134,200
3427,3376
2097,2640
3688,3968
383,559
3944,3968
3567,3917
2489,2353
459,424
3377,3277
1327,1205
202,200
1627,107
495,559
278,227
1543,559
341,200
1188,1070
2590,2353
1323,1205
718,774
3292,3277
41,137
409,559
980,1205
2056,2353
1094,1743
2687,3277
2014,2640
2680,3026
1974,2344
2284,2640
3044,3026
1395,1205
213,200
2521,2353
2201,2353
2050,2640
3430,3026
3526,3753
877,873
1140,1205
3647,3439
3182,3277
2365,2640
3656,3968
1118,1097
1333,1097
1975,2371
2204,2421
1134,1070
1684,3277
328,218
1360,1187
3344,3277
3232,3026
1263,1205
800,774
2212,2353
1223,559
407,559
927,1205
1751,1824
802,732
2237,2353
4013,3980
3426,3026
765,774
50,200
2522,2344
1082,1115
2619,2353
3361,1205
133,200
2954,3107
3768,3591
951,1205
3909,3591
596,678
1648,1097
2635,2344
3626,3950
1783,1824
1655,1115
422,559
2190,2353
3995,3980
3432,3340
3166,3026
374,559
1194,107
3265,3277
2253,2353
3419,3277
3677,3968
3233,2775
1302,1205
2530,2344
1805,1205
2465,2344
3107,3277
2289,2344
2118,2353
4019,3998
2681,3026
3951,3591
1761,1205
2191,2344
2458,2344
2134,2344
3751,3923
451,559
454,364
3455,3753
2002,2344
2354,2353
3875,3672
3621,3968
2573,2353
3589,3950
752,774
2422,2051
464,559
1925,2353
14,137
1721,1205
2078,2353
1494,1187
3229,3026
2405,2371
2869,3277
1338,1070
195,218
215,200
226,137
318,200
1128,1205
2892,2775
228,200
2949,3322
3518,3672
1282,1824
2010,2344
3423,2703
967,1205
1304,1070
3306,3277
3240,3277
992,1097
3998,3998
3303,3026
403,559
1973,2640
815,774
799,774
637,559
758,774
2838,3026
3282,3107
2108,2353
1029,1205
1386,1205
599,577
2605,2344
2116,2640
3831,3968
3896,3591
2159,2640
1731,1761
3747,3920
784,774
1689,1205
1961,1961
2330,2344
4036,3980
2963,3026
1942,2353
2487,1961
387,559
1714,1205
918,1205
1125,1205
1970,2344
1049,1205
1592,1115
292,200
1399,1205
127,184
754,774
1383,1205
3123,3026
2164,2353
1597,1205
1262,1205
1945,2344
2634,2371
252,200
827,774
2604,2353
1020,1824
251,184
1509,1205
9,200
3251,2930
2822,1205
3294,3026
651,559
2011,2640
1359,1205
3031,3026
1229,1115
3679,3905
3834,3645
470,559
3740,3753
3484,3968
1854,1205
3284,3026
1843,1205
2101,2344
3845,3672
2649,2344
1699,1070
3434,3277
1142,559
804,729
869,774
3761,3726
3049,3277
2768,3277
3641,3920
3999,3998
2147,2353
1774,1205
1437,1205
4028,3998
3616,3439
2141,2344
174,137
1424,1097
2459,2640
499,559
2746,3026
3986,3998
3491,3968
1100,1115
3364,3026
3863,3905
3966,3672
1518,1205
2844,3277
2306,2353
3017,3277
2378,2640
672,678
682,678
1826,1205
1682,1115
683,559
2956,3026
2694,3026
2544,2344
2980,3277
1602,1142
2364,2640
3749,3923
2091,2371
2071,2344
3534,3645
400,559
1149,1205
1065,1070
764,774
334,200
2020,2353
3794,3591
1470,1205
2770,3277
1200,1205
1605,1205
2067,2353
890,774
3211,3277
1538,1205
1245,1824
1762,559
1235,1115
33,137
23,200
1221,1115
1979,2353
1659,1205
3131,2930
1624,1070
2992,3277
3,200
3515,3591
662,577
2210,2353
1498,1205
3266,2685
3189,3107
271,200
1743,1743
312,137
1888,1205
2019,2353
2107,2371
936,559
2564,2353
1982,2344
557,559
2959,2703
750,774
2012,2640
2291,2344
158,200
121,200
1167,1070
1177,107
1967,2344
3754,3591
1884,1115
64,200
3388,3026
2467,2353
973,1205
2236,2371
3867,3753
3217,3277
2393,2353
285,200
3365,3107
843,774
1735,1205
2988,3026
1728,1115
1185,1205
569,559
629,559
508,559
2136,2353
640,577
1435,1070
3492,3968
714,732
1463,1205
1516,1205
3595,3917
2026,2344
663,678
3254,3277
3222,1205
2324,2353
1257,1115
2127,2344
3617,3591
116,137
1151,1205
27,200
2435,2640
1366,1070
3080,3026
2855,3277
3033,3026
4023,3998
1914,2640
1620,1205
3686,3672
257,200
1777,559
3375,3277
2168,2634
1047,1205
1581,1205
751,774
1248,1070
534,559
1938,2353
4010,3980
1503,1824
71,200
2914,3277
2356,2353
1127,1070
3498,3753
1706,1824
729,729
3468,3645
1740,559
933,1824
3314,2703
1923,2344
311,200
3174,3026
1793,1205
1318,559
2160,2371
3354,3053
2434,2344
3662,3905
3726,3726
2310,2344
1027,107
3311,2703
3842,3968
3766,3920
2000,2640
3205,3107
2943,3026
1307,1187
59,200
2299,2353
3530,567
411,559
3129,3026
1315,1115
1408,559
1600,1205
1611,1115
1541,1070
31,200
841,774
2156,2371
1934,2371
2100,2051
3619,3968
661,577
630,678
556,559
1937,2371
476,364
647,577
29,200
2375,2051
2759,3026
894,881
161,200
1817,1205
2523,2371
1879,1205
1101,1205
963,1097
322,200
313,200
2499,2353
3078,3026
3687,3672
1078,1205
2473,2344
2169,2344
760,774
1129,1115
519,559
2182,2344
337,137
1529,1070
1484,1205
3309,2703
2585,2640
3663,3753
3221,3107
2546,2353
2474,2371
371,559
3803,3591
3609,3968
1269,1205
2936,3277
3897,3908
2516,2344
2667,3107
3786,3591
1578,1115
1814,1761
2773,3026
3943,3968
575,678
1776,107
1057,107
2532,2353
1767,559
3618,3968
2630,2353
3094,3277
2484,2353
1662,1205
2445,2344
1074,1205
1371,1097
2526,2353
80,92
1048,1205
65,200
865,3968
35,227
352,559
1056,1205
2614,2371
1349,559
1936,2371
270,200
998,1205
2962,2775
1341,1205
90,200
2171,2640
3584,3591
3950,3950
1197,1788
339,200
3407,3268
1114,559
3622,3690
1705,1187
2358,2344
253,182
1173,1205
1542,1205
1897,1070
2813,3107
2477,2353
1497,1205
2984,3277
424,424
1747,1097
200,200
3745,3549
1440,1205
2663,3026
3198,3277
142,200
2947,2775
1577,2344
3224,3277
3800,3672
1640,1070
1990,2371
3152,3277
1456,1205
3115,3277
1019,1115
1617,1205
250,200
2942,3277
2379,2344
1892,1097
1240,1205
780,774
3813,3830
1819,1205
308,200
87,200
287,200
3840,3753
2243,2344
455,559
1215,1824
1138,107
2139,2353
3883,3594
2172,2353
3200,3053
2728,2775
691,774
2779,2775
2153,2344
3335,3277
2105,2371
2406,2344
2046,2353
1038,1205
2765,3277
2553,2353
748,774
901,1097
607,559
746,774
1764,1115
2042,2344
938,1097
1331,1205
2970,3277
2007,2344
1256,1205
2277,2371
3632,3923
3862,3753
1384,1205
61,200
747,774
3947,3591
1236,1070
97,182
2024,2640
2990,3277
3689,3968
48,200
2996,3277
3627,3672
803,774
2903,2999
3003,3026
3483,3690
3188,3277
3028,3020
448,559
392,559
3954,3672
2771,3107
3671,3591
3948,3968
979,107
478,559
3691,3830
776,873
932,1205
386,532
1921,2640
2313,2371
1260,1070
2596,2344
1868,1205
180,92
1734,1205
1645,559
2389,2344
996,1205
1355,1070
3433,3026
1976,2640
24,92
3465,3708
3389,3107
303,200
146,200
1329,1205
1073,1205
2510,2344
201,110
703,774
2848,3277
3023,3026
2715,3107
934,1205
3532,3591
1570,1205
2371,2371
2231,2371
576,577
3382,2703
1162,1761
3935,3672
810,774
712,732
3822,3591
3718,3591
3480,3968
2471,2344
3052,3026
1601,1097
2931,3026
781,774
3409,3277
2778,3277
1882,559
3502,3830
719,774
2973,3277
2254,2344
2659,2640
22,200
3258,3277
3420,2775
2853,3277
255,200
3839,3968
1261,1824
1838,1205
3208,3277
3812,3905
2882,3107
515,559
731,774
3358,3107
2337,2640
1910,1743
590,678
136,2344
2617,2344
3111,3277
2061,2640
2685,3107
2372,2344
2392,2353
1241,1824
81,200
962,559
2805,3020
1010,1070
2597,2344
3771,3863
427,559
884,774
1402,1205
246,200
2911,3026
1615,1187
1059,1205
1829,1743
3741,3968
3289,3107
3990,4016
1195,1205
3866,3645
1198,1205
2421,2634
3056,3026
78,218
2403,2371
1901,1743
1317,1205
494,559
736,774
2708,3277
144,137
187,92
1433,1187
1903,1115
3953,3950
3150,3277
3780,3968
2155,2344
1758,1205
1264,1070
774,774
2940,3026
3610,3950
73,200
665,577
2492,2353
1428,1070
3744,3830
1374,559
164,200
2735,3107
438,559
794,774
1574,559
1368,1788
143,227
579,678
595,577
237,200
2563,2353
2686,3107
389,1070
3603,3672
1210,559
2991,3277
3574,3672
2953,3026
2782,3026
3604,3672
1146,1205
474,559
2545,2353
650,577
2753,3277
2905,3026
2565,2344
437,559
2173,2371
2636,2640
1896,107
1700,1205
3587,3920
3777,3591
89,95
2729,3026
402,559
597,678
241,200
1704,1824
3101,3277
481,559
1951,2640
2491,2344
4030,3998
3268,3331
1174,1187
3514,3672
277,200
1447,1205
737,774
2122,2353
333,137
1775,1205
1806,1187
2098,2353
3114,3026
845,774
1931,2640
2755,3026
2221,2344
916,1205
3246,3107
2738,3026
3212,3277
561,559
2950,3277
3157,3277
1864,1205
284,184
1956,1961
2093,2353
1559,1205
1707,1205
674,559
914,1070
2999,3107
3828,3672
516,424
830,774
3399,3026
2723,3277
2275,2353
867,873
2725,1205
3652,3489
3368,3020
3175,3277
16,200
2562,2371
2935,3020
2176,2344
2741,3026
3219,3107
1939,2344
1111,1788
3759,3708
1343,1070
385,559
1913,2344
2345,2344
3363,3026
2645,2640
3403,3277
2884,3026
500,559
1493,1097
10,200
3578,3672
2404,2353
1385,1070
301,200
2099,2344
1657,107
2566,2344
2900,2775
3252,3277
3601,3645
995,1205
490,559
260,200
1115,1115
844,774
2278,2353
3769,3753
314,200
3065,3026
900,1187
3815,3753
2357,2371
3402,3107
2273,2344
749,774
1560,1205
2692,2775
3784,3591
340,200
2076,2401
2258,2353
2466,2401
1546,107
582,577
3874,3917
1211,1205
2828,3277
904,1205
3781,3690
1421,1187
3528,3672
170,200
1741,1205
732,732
2013,2640
1742,1824
37,200
2934,3107
185,200
3216,3053
624,559
3271,3053
1446,559
2450,2051
203,200
2468,2353
2921,3277
644,678
2823,3277
112,137
2063,2353
3988,3998
1612,1205
2419,2344
1514,559
184,184
1412,1070
632,577
1962,2353
3723,567
1839,1205
2969,3026
974,1070
544,559
3565,3968
1476,1205
2084,2353
3711,3591
3729,3672
2225,2640
2238,2371
126,200
2572,2344
1442,1205
1779,1205
4004,3998
832,774
113,200
1594,1205
3905,3863
2470,2344
198,364
2656,2371
168,200
1520,1205
2730,3107
1950,2640
1519,1205
1954,2344
3915,3726
3450,3672
3247,3277
222,200
551,424
793,774
2965,3277
3144,3277
3510,3726
57,92
336,200
191,200
214,137
2638,2353
3424,3107
1295,1070
3550,3968
2469,2353
3782,3591
3313,3277
1193,1205
942,1824
2341,2371
2625,2353
4032,4031
3987,3995
1372,1743
115,137
2799,3053
2834,2703
1698,1187
1599,1761
1746,1205
717,774
2592,2344
1572,1752
1161,1205
3026,3026
1634,1070
1941,2344
3489,3489
1646,1205
1522,1205
1986,2353
3814,3905
823,774
2864,3026
1244,1070
2849,3277
889,729
2125,2344
813,774
2944,3026
3384,3026
317,200
221,200
2535,1961
1820,1824
1401,1205
917,1824
1621,1205
2355,2344
2077,2353
1067,1115
593,559
412,559
2075,2344
3959,3672
3075,3277
3806,3905
2157,2640
3446,3905
1451,1824
105,200
157,200
458,559
104,200
3607,3753
625,678
1403,107
3684,3968
2589,2344
1083,1205
868,3968
1902,1205
3059,3026
1963,2353
1034,1205
1568,1097
2624,2353
2816,3107
1895,1097
668,559
1376,1205
568,559
4003,3998
1667,1070
837,774
1589,1205
395,559
2431,2051
3307,3277
3110,3277
1675,1205
617,678
2208,2344
1213,1070
3850,3753
2104,2353
594,559
442,559
3074,2774
3545,3672
1313,559
3117,3026
3522,3968
789,732
1309,1824
570,559
3485,3672
2400,2344
1878,559
1719,1187
2072,2344
323,200
1694,559
3920,3920
792,774
2432,2344
1647,1115
3660,3672
1633,1070
416,559
205,137
1275,1070
1160,1205
2758,3107
3508,3753
1929,2353
2216,2353
1391,1205
564,364
2821,3026
1001,559
47,200
724,774
989,1115
276,200
2048,2344
1536,1070
3634,3726
207,200
3941,3672
1460,1205
521,559
991,1205
3564,3690
604,559
3676,3489
377,559
1964,2344
3682,3549
2967,3026
2353,2353
3525,3968
155,200
3456,3968
1410,1187
1687,1187
3272,3277
3066,3322
3155,3020
4038,3980
3197,3277
1040,1205
466,559
912,559
2958,3277
3339,3026
931,1743
1466,1205
3436,3026
492,559
1148,1115
1419,1205
3949,3905
2594,2344
1168,1070
1830,1070
3650,3672
1717,1205
801,774
3336,3322
460,559
2664,3026
131,227
3139,3026
1390,1205
1630,1070
293,137
93,137
3789,3923
2092,2353
3611,3672
1632,1205
1182,1205
3032,3107
1150,1205
1808,559
558,559
3487,567
944,1070
1280,1205
1046,107
2052,2344
1816,1205
1158,1115
3922,3905
3161,3277
2387,2353
3858,3672
338,200
1176,1115
1075,1205
1297,1205
1098,1187
2721,2721
3513,3439
79,200
603,678
1320,559
1749,1070
834,774
4008,3980
3835,3753
741,774
344,200
541,559
664,678
2174,2344
2615,2353
3500,3920
1017,1205
2040,2353
3109,3277
2360,2371
3974,3672
2762,3107
968,1070
423,559
3146,3277
1940,2344
3848,3439
2246,2344
326,137
1556,1205
2135,2344
831,774
1225,1070
1289,1205
2034,2371
2133,2344
208,200
1186,1097
4037,3998
3901,3920
2198,2344
987,1205
3457,3968
2293,2344
3910,3708
3520,3968
3000,3026
7,200
2187,2344
675,577
1405,1205
1319,1097
695,774
1076,1205
536,559
2648,2640
3880,3672
3696,3920
2961,3026
2578,2353
2669,3026
3462,3672
1407,1205
3180,2930
150,200
1373,1824
2683,3026
3018,2775
3980,3998
2415,2344
1155,559
1565,559
368,559
796,732
2279,2344
3293,3026
2886,3322
791,732
3497,3672
236,200
316,200
1555,1187
2247,2344
612,678
3703,3968
269,200
2368,2344
1850,1824
1218,107
1356,1743
1157,1205
994,1070
166,200
1175,1205
1922,2371
3902,3672
3620,3591
393,364
2068,2344
1014,1824
2004,2640
1109,1070
1690,1070
2178,2344
1243,1205
304,200
496,559
498,559
935,1070
2206,2353
2515,2401
3548,3908
3870,3591
197,184
2985,3026
1792,1205
1532,1205
2928,3026
298,200
156,200
4025,4007
3912,3917
702,732
1413,1115
1987,2344
727,774
1136,1187
3590,3753
1488,1205
3678,3690
3997,3998
3658,3672
2514,2344
3051,3277
821,774
432,559
1181,1205
173,559
3398,2685
3971,3968
2891,3026
1135,1205
1726,1205
159,184
4020,3980
3133,2775
2367,2344
857,3968
3529,3726
2451,2344
1898,1205
2426,2401
1126,1205
2571,2344
3470,3753
1050,1779
2513,2401
2528,2051
3519,3708
2023,2371
1004,1205
3783,3920
3554,3726
3811,3863
2868,3277
1992,2401
2646,2353
2661,3277
42,137
2103,2353
2752,3107
559,559
1799,1205
3073,3026
3236,3107
2801,3107
3856,3672
488,559
3083,3322
2288,2353
3879,3708
573,678
487,559
4005,3980
517,559
129,200
1271,1205
3524,3645
692,774
2322,2344
930,559
744,774
3207,2775
906,1205
1496,1070
3914,3591
2739,2775
952,1205
3983,3986
3790,3672
399,364
2121,2353
2183,2344
1603,1205
1858,1205
1231,1115
2750,3026
2220,2353
3086,2775
2671,2721
977,1070
100,200
482,559
217,200
139,184
2550,2353
3095,3026
1222,1205
300,92
533,559
3330,3277
1003,1205
3496,3968
2697,3107
850,774
3644,3753
812,774
3743,3567
846,774
1759,1070
165,200
2338,2344
658,577
3793,3591
2717,3026
3823,3645
3168,2775
3692,3968
2688,3277
1842,1205
3412,2775
3370,2775
3857,3917
2123,2353
3542,3672
3976,3591
3116,3277
3493,3591
1227,1115
354,559
1573,1115
1011,1070
3039,3277
2926,3376
1400,559
1163,1205
2508,2344
2111,2344
2802,3277
2820,3107
975,1115
1232,1097
3742,3672
2666,3026
3445,3917
3882,3591
3535,3645
441,364
401,550
2043,2353
1252,1788
182,253
2185,2344
3321,3277
3904,3672
2326,2353
1443,1743
3571,3708
1660,1142
2923,3277
2701,3277
1691,1115
3394,3026
1791,1205
2539,2353
1326,1205
1024,1205
2481,1961
2885,3026
1511,1187
1569,1070
2438,2344
461,559
879,881
44,137
2537,2344
3264,3107
618,678
1370,1205
2673,3026
670,577
151,137
876,729
1821,1205
622,678
2112,2353
2055,2353
1375,1205
639,678
3408,3107
2047,2344
743,774
2386,2353
1112,1205
1785,1070
2800,3026
3712,3968
552,559
969,1824
1389,1205
1915,2371
1788,1788
3760,3968
3040,3026
199,200
1549,1142
145,200
1214,1205
583,577
1794,1824
3050,3107
1580,1205
2343,2344
709,774
3248,3107
3218,3053
2524,2353
2789,3026
2142,2353
25,200
370,559
3847,3950
3804,3672
62,200
833,774
2839,3026
444,559
6,95
1718,2344
620,678
3068,2775
993,1205
3818,3591
3631,3591
1643,1205
431,559
1450,1205
2167,1961
3077,2775
1778,559
3414,3026
1713,1070
1487,559
398,559
1234,1743
475,559
1054,1205
1259,1070
3072,3277
2533,2344
2259,2344
3250,3026
262,137
549,559
939,1743
3573,3672
445,559
2060,2353
1890,107
2032,2344
242,92
2244,2353
1953,2353
2898,3107
3440,3968
1952,2344
2417,2344
2114,2371
2475,2344
3444,3672
2557,2344
2482,2353
2120,2371
486,424
1815,1070
753,774
2329,2353
2207,2401
2674,3277
1521,1205
3982,3998
700,774
2971,3277
1803,1187
2941,2999
3779,3672
1191,1205
2154,2353
1230,1205
493,559
1637,1205
1827,1205
1753,1205
3531,3905
2199,2344
2901,3277
893,774
1147,1205
2498,2344
1080,559
3315,3026
1330,1205
1350,1115
1527,1205
2806,3026
986,1070
3362,3026
4006,4031
2396,2344
1880,1097
3215,3277
1501,1205
2027,2640
1957,2640
1871,1824
2691,2792
659,577
861,729
12,200
1876,1070
447,559
2486,2401
3319,3277
1752,1205
2427,2353
452,559
1658,1070
1989,2353
3353,3277
3746,3672
3893,3672
2119,2371
3130,3026
1246,1070
367,559
331,200
2202,2640
2814,3026
1480,1205
3884,3672
2584,2353
1575,1070
420,559
429,559
3985,3980
2272,2344
283,200
2138,2344
2693,2999
2035,2371
350,559
808,774
3725,3567
1467,1205
3024,3277
1583,1115
3302,3277
1199,1205
842,774
2188,2353
3324,3026
1754,1205
2195,2344
40,200
1425,559
3659,3950
2298,2344
1782,1205
851,774
2704,3026
1848,1824
3981,3998
787,774
547,559
4031,3980
1068,1205
363,559
636,678
3708,3708
701,774
645,559
1486,1205
4033,3980
3970,3968
3259,3107
1862,1115
3350,3277
419,559
711,774
2280,2344
3341,3277
2424,2371
2143,2344
98,200
345,200
1219,1205
814,774
3008,2703
92,92
1833,1205
1406,1824
3808,3672
771,732
2410,2353
1324,1824
1120,1115
1966,2353
1997,2353
3705,3753
849,774
3043,3277
3606,3549
1852,1205
854,774
84,200
122,200
1055,1779
3058,3277
2627,2640
1984,2353
3145,3277
2781,3277
3422,3277
3555,3591
2767,2703
1834,1205
430,559
589,678
351,364
1353,1205
1928,2640
2130,2371
1030,1788
469,424
2827,3026
1796,1205
3911,3830
3543,3672
2462,2353
3429,3107
3214,3277
948,1142
2025,2640
2763,3026
2394,2344
2444,2401
2294,2344
3666,3753
2622,2401
1037,1070
820,774
3441,3905
786,774
1124,1205
3889,3968
3318,2703
3190,3107
2968,1205
1772,1205
2383,2353
193,110
2224,2344
1379,1115
907,1205
2733,3277
513,559
1994,2344
892,774
707,732
3767,3591
1996,2344
3923,3923
3940,3672
2871,3107
2433,2353
3305,3277
2881,3277
3476,3708
3019,2775
449,559
2411,2371
3322,3322
2109,2353
3263,3277
3900,3591
3991,3989
2703,2703
1920,2344
2276,2353
2041,2344
3504,567
1203,1187
1032,1824
2480,2344
2150,2353
1729,1824
1452,1097
2731,3026
53,92
3890,3591
3501,3968
616,678
643,577
3356,2775
3521,3753
1789,1205
1686,1070
3401,3376
3819,3917
69,200
1081,1824
1306,1070
2265,2344
91,110
176,200
2628,2371
3898,3594
2707,3277
119,200
3463,3591
2320,2401
511,559
1362,1070
3989,3980
1867,1205
477,424
3778,3753
2840,3277
1972,2640
3310,2999
1121,1070
883,774
3108,3026
376,559
925,1205
653,678
928,1187
1291,1205
2057,2344
3173,3107
2350,2353
2777,3026
70,137
2609,2344
364,364
523,559
2166,2371
3079,3277
999,1205
3674,3968
2519,2344
1607,107
1998,2640
562,559
3892,3917
2228,2371
3599,3753
3406,3277
839,732
1063,1205
1091,1205
2318,2344
240,200
3801,3672
1619,1205
3925,567
3482,3753
1286,1115
1863,1205
2945,3026
295,200
2314,2335
1877,1205
335,200
3934,3672
3135,3026
2115,2353
826,774
234,200
2181,2371
3178,3277
2340,2353
1736,1205
3984,3980
3275,3107
4029,3995
297,200
723,774
3859,3672
2896,3026
529,559
3562,3594
1666,1205
1239,1205
518,424
235,200
909,1788
1471,1205
2303,2353
828,774
3479,3594
1552,1205
247,200
2979,3107
964,1070
3673,3672
3206,3277
3082,3277
1441,1779
2454,2353
2442,2353
1702,1205
3359,2775
2842,3026
3967,3920
1669,1205
1061,1187
3680,3591
2066,2344
3715,3753
2377,2344
3291,3277
697,774
945,1824
1926,2344
3142,3026
2131,2353
3727,3905
3234,3026
2385,2344
1893,1824
2158,2371
3854,3708
886,729
2793,3277
3872,3968
1614,1205
3597,3753
1422,559
3642,3672
3149,3026
2037,2353
1744,559
565,559
3369,3107
2846,3277
3037,2792
2083,2353
3269,3026
3945,3726
2534,2335
388,559
254,92
2593,2353
137,137
2894,3277
3260,3277
1784,1097
3820,3672
1676,1187
822,732
231,200
2388,2371
3439,3439
3119,3026
3551,567
2269,2344
1912,2344
2825,3107
1156,1205
3473,3917
149,137
1332,559
2536,2353
3125,2775
1087,1205
2932,3107
1679,559
1760,1205
2559,2353
3735,3753
3697,3968
2698,3026
109,200
2342,2371
1276,1205
3076,3277
3732,3950
3425,3376
3006,3277
15,200
2391,2353
704,774
3334,2775
2255,2401
903,1097
1983,2353
3081,3107
394,559
1489,1824
3392,3026
2140,2353
882,729
206,200
3478,3920
2460,2353
2830,2775
223,200
3471,3672
806,732
1072,1070
3300,3026
3802,3753
2347,2353
1649,1824
2328,2344
807,774
153,200
3917,3567
1208,107
2102,2344
3908,3908
289,137
2920,3026
838,774
510,559
3936,3753
1787,1097
2927,3026
272,200
3961,567
1584,1205
3239,3277
3093,3277
1299,1070
2270,2344
3342,3277
2919,3026
2065,2344
976,559
816,774
4027,3980
2977,3026
3507,3591
2861,3053
3739,3917
2887,3026
2359,2353
971,1824
261,200
666,678
1458,1205
1485,1205
2455,2371
1491,1205
2344,2344
584,678
1965,2371
2018,2640
1604,1205
1613,1205
2283,2344
3176,2775
3372,2930
1380,1205
3829,3726
3668,3726
1251,1187
3667,3968
425,559
2560,2353
1991,2640
3773,3753
1924,2401
2525,2344
1039,1205
706,774
230,200
1571,1205
325,200
2520,2353
2743,3026
2650,2401
648,559
1021,1115
1455,559
1334,1205
2922,3020
3397,3277
179,137
610,559
2483,2344
3681,3672
983,1205
154,200
3459,3645
1955,2344
2233,2353
949,1070
1586,107
1917,2353
3235,3277
1108,1824
1041,1070
2764,2999
3962,3968
1703,1070
1180,1205
3608,3753
1423,1115
1887,1115
687,774
1610,1205
2726,3026
485,559
2620,2640
1292,1115
2831,3107
2933,3020
1212,1743
1105,107
1249,1070
233,137
1985,2353
2064,2353
537,559
3238,3026
2230,2344
3355,3277
3333,3026
3787,3923
1544,1779
3605,3672
1110,1205
147,95
1831,1743
4018,3998
315,200
3764,3591
772,774
586,559
1724,1752
428,559
1907,1824
4014,3998
1328,1187
1445,1205
1900,1205
11,200
1336,1205
1661,1824
3791,3920
302,92
1430,1142
443,559
2850,3026
1414,1115
3383,3107
1416,1205
3002,3277
94,92
1255,1205
192,137
2305,2344
3192,3277
3661,3908
3710,3753
577,577
3566,567
715,774
21,200
2716,3277
321,227
2323,2353
3467,3968
2397,2371
2608,2344
1404,1115
2081,2344
646,559
3869,3591
489,559
696,774
3391,3277
2517,2344
3670,3672
2712,3277
1308,1070
1165,1205
58,3026
1677,559
2747,3107
855,774
878,729
929,1205
2929,3026
3332,3277
4007,4016
1851,1205
3195,3026
1099,1824
2732,2930
848,774
1104,1115
2709,3277
2110,2344
1505,1205
2987,3026
1635,1115
2587,2371
3537,3672
375,559
3495,3968
1190,1115
1296,1070
835,774
30,200
3177,2775
275,218
3158,3026
2263,2051
2897,3026
2464,2353
919,1824
1825,1187
2413,2344
3253,3107
688,774
2865,3107
3418,3107
3623,3645
2600,2353
3461,3968
506,559
2964,3277
467,559
592,678
3805,3950
2910,3026
397,559
3709,3672
2626,2640
2924,3026
1932,2344
1107,1205
1949,2371
631,678
3969,3591
3451,3672
863,729
740,774
2808,3277
3516,3594
3600,3591
501,364
1398,1205
3071,3026
1968,2640
2792,2792
1172,1205
2494,2640
1531,1070
3825,3645
2193,2371
34,559
267,200
2488,2371
327,95
3379,2775
3201,3277
3452,3672
3060,3277
1540,1205
1680,1115
2248,2371
1566,1743
2668,3277
2529,2344
415,559
1454,1824
1337,1205
74,200
1226,1070
3792,3591
1673,559
3417,3026
1891,1205
1849,1205
103,200
588,678
2074,2353
1106,1070
2678,1205
224,200
905,559
2069,2353
1916,2344
46,227
2946,3026
343,137
2700,3107
3546,3905
2713,3277
572,559
2495,2353
1548,1097
3064,3026
1853,559
3280,3277
1472,1070
2213,2353
3025,3026
1102,1824
3285,2775
3287,3277
1502,1824
114,200
3096,3026
1537,1205
2186,2344
1287,1205
3030,3026
1321,1205
2975,3107
1347,1115
456,559
2031,2344
1697,1205
1086,1205
686,774
923,1205
2363,2353
1492,1070
3199,3277
51,200
3020,3107
2262,2353
2463,2344
567,559
2461,2344
421,559
1733,1097
290,200
1009,1115
689,732
1354,1070
3716,3439
2876,3277
818,732
1077,1205
555,559
2720,3277
3724,3690
2409,2353
2737,3277
2612,2344
965,1070
1708,1187
829,774
3281,3277
1170,1070
3755,3968
0,200
3373,3277
2880,3026
3993,3980
102,227
3733,3672
249,92
542,559
1561,1205
1720,1115
733,774
2579,2353
3614,3645
656,559
1002,107
39,200
3331,3277
574,678
769,774
2327,2344
2348,2353
3014,3026
2033,2353
1905,1779
1804,1205
66,200
3113,3277
138,137
3942,3726
480,559
3124,3277
530,559
1528,1205
3860,3672
1606,559
957,1115
1723,1205
212,200
1866,1187
3437,3672
3836,3708
1220,1205
2791,3107
211,200
3055,2774
1352,1205
3475,3672
1242,1205
1438,1115
330,92
2734,3277
1609,1205
2851,3026
721,774
3572,3591
2665,3277
676,559
509,424
2852,3026
742,774
1015,1115
3009,3277
3170,3277
985,1070
677,678
194,92
2315,2344
3540,3968
3559,3672
3979,3950
2902,2930
2570,2371
3477,3968
1130,1205
2937,3277
1824,1824
809,774
2631,2353
3273,2775
722,774
1270,1205
2916,3026
3154,3277
1012,559
1768,1205
1533,1097
1145,1205
950,1187
2308,2353
1590,1205
2485,2353
1033,1187
591,559
3992,3980
110,110
3750,3968
1943,2353
3167,3107
2503,2335
2899,3026
896,1115
3097,3277
3070,3277
2642,2344
3147,2774
3714,3591
1638,1824
218,218
4026,3998
824,774
3381,3277
56,200
2742,3277
920,1205
1909,1205
2811,3277
2682,2775
566,559
2878,3107
2302,2344
3977,3753
708,774
779,774
1345,1115
2542,2353
2416,2344
1116,1205
3103,2775
3088,3277
2319,2344
585,559
3838,3672
3278,1205
479,559
1837,1097
3826,3591
3960,3920
2994,3026
768,774
3034,3277
1562,107
3748,3672
3894,3863
2761,3026
457,424
3242,3277
615,577
3635,3672
3592,3950
2986,3026
2577,2371
1857,1115
2229,2353
440,559
526,559
502,559
1738,1070
3731,3672
1478,1743
856,774
2376,2353
2705,3026
3929,3968
353,559
2384,2344
3612,3591
3728,3753
3225,3277
1436,1070
2129,2371
3968,3968
2873,3026
1626,1205
2418,2353
941,1824
2215,2344
2655,2353
1999,2640
864,774
342,200
1281,1824
3279,3277
3817,3968
2888,3026
2217,2051
1461,1205
673,559
2740,3026
169,200
3256,3107
1587,1115
545,559
3916,3950
1189,1070
538,559
220,137
2476,2353
972,1205
825,774
4009,3998
1756,1070
710,774
3143,3026
690,774
1499,107
2552,2353
1479,1115
871,881
1748,1070
1836,1205
3720,3923
5,200
2,137
13,200
3649,3594
554,424
3844,3439
1278,1752
946,1205
4017,3980
4015,3980
3120,3277
2428,2353
3913,3672
2349,2401
1512,559
3926,3672
75,200
1554,1205
3179,3277
3596,3672
1465,2344
2373,2371
716,774
1335,1205
1464,1142
2501,2344
3290,1205
108,184
3027,3277
540,559
870,881
2082,2371
410,559
2621,2051
3582,3726
1513,1205
1595,1824
1524,1205
1482,1070
3193,3026
1088,1205
2766,3026
2260,2371
2148,2344
2165,2353
4034,3998
3633,3968
1143,1824
777,774
3580,3905
2317,2371
468,559
1312,1205
3654,3968
1137,1097
1757,1205
3393,3107
1711,1205
68,227
365,559
2556,2353
1859,1115
3395,3107
2227,2371
324,200
320,184
2677,2999
795,774
307,200
1036,1115
2643,2344
408,559
2957,3107
346,92
520,559
1523,1205
514,559
1995,2640
390,559
623,678
2214,2344
1807,1070
1060,1115
1739,1070
535,559
605,678
2049,2371
2261,2353
628,577
3795,3968
2854,3026
3054,3026
1097,1097
2960,3026
1885,1205
3704,3672
954,1824
2219,2344
3672,3672
3538,3567
3772,3950
1409,1205
3937,3726
1096,1205
3638,3439
3721,3968
621,678
3583,3591
626,678
2266,2353
3320,3277
3701,3708
2607,2353
3494,3690
2872,3026
1069,1205
3581,3594
1250,1205
2843,3107
1553,1205
1828,1824
381,424
2554,2353
3421,3277
1217,1070
3591,3591
524,559
1311,1070
2339,2353
2022,2640
3231,3026
649,559
216,137
1636,1115
2089,2371
3816,3591
3126,3322
1946,2353
505,424
2610,2344
2090,2353
581,559
1664,1070
2786,3026
3210,2775
2402,2371
1427,559
3001,2775
2448,2371
3136,3107
2675,3107
553,559
1159,1070
404,559
2333,2344
782,774
3560,3830
915,559
243,137
3367,3277
329,200
310,137
1770,1070
1696,1761
2015,2156
3343,3277
3512,3968
2915,3026
1453,1743
3245,1205
2599,2344
3861,3672
819,774
3443,3726
439,559
3454,3672
602,559
1237,559
3827,3753
265,200
2660,2640
3016,3277
3669,3830
3042,3026
2952,3026
1022,1205
3048,3277
111,137
1515,1824
527,559
1564,1779
2623,2353
2736,3107
730,774
2016,2640
2772,3277
3267,3277
1855,1070
256,137
462,559
2086,2353
2583,2640
99,227
2699,2703
3102,3277
2807,3026
1598,1205
1797,1205
3978,3968
3301,3026
2866,3026
2993,3026
3387,3026
2862,3026
2028,2344
172,200
2472,2344
2184,2353
3134,3277
2847,3107
705,774
797,774
1672,1070
135,184
1927,2640
2401,2401
1745,1070
1154,1743
3613,3594
4011,3989
840,774
785,774
3036,3026
239,200
3643,3591
189,200
3410,2775
3308,2685
875,774
2569,2344
54,200
286,200
1978,2335
2307,2353
531,559
1790,559
1071,1205
3089,3277
1683,1205
3865,3753
563,559
2998,3277
2803,3277
380,424
132,200
1052,1070
2124,2353
2162,2371
1152,1070
2995,3277
660,678
43,200
3561,3726
2567,2344
2152,2371
2218,2353
3004,3026
2457,2344
2456,2371
2039,2344
3091,2721
1131,1070
3895,3591
2711,2775
2045,2353
2690,3107
3570,3672
3453,3672
1043,1788
2745,3026
3352,3277
3138,3277
598,678
3098,3026
2252,2344
357,424
356,559
1835,1205
433,559
2287,2353
19,137
3588,3753
1277,1115
3106,3277
3630,3726
2647,2640
2189,2344
1305,1205
2282,2344
1525,1070
2670,2703
2006,2640
1314,1097
3085,3026
2038,2344
473,559
1008,1205
1339,1205
3843,3645
4001,3995
2549,2353
2858,3107
1652,1205
3047,3026
926,1205
3774,3708
2437,2634
2695,3026
1364,1070
63,200
2414,2353
3594,3594
2094,1961
309,184
859,873
728,774
4000,3998
2913,3026
2381,2353
2443,2353
1881,1205
3005,3277
1284,1115
2595,2344
3396,3277
1028,1205
1668,1205
1872,1115
3640,3672
2512,2344
2676,3026
1631,559
1348,1070
2502,2344
3598,3753
186,200
1254,1788
2601,2353
1958,2640
1439,1205
525,559
1272,1205
2226,2344
3506,3591
2810,3026
3428,3026
2955,3107
3939,3863
1016,107
2796,3277
2029,2344
413,559
3213,3026
1510,1070
1357,559
2784,3107
82,200
3486,3591
3390,3026
1847,1070
766,774
2399,2344
2639,2640
866,881
3849,3672
1394,1205
1869,1070
3615,3753
761,774
1810,1205
3876,3753
3204,3277
1765,1205
1474,1070
472,559
654,678
1763,559
463,559
414,559
3734,3968
1558,1205
2267,2344
4002,3998
2126,2371
546,559
1650,1070
1382,1824
3736,3968
1526,559
2223,2344
49,137
2249,2344
1085,3968
2568,2344
693,774
3952,3439
2598,2344
2240,2353
3376,3376
2547,2344
2832,3277
32,137
2222,2344
1238,1205
3864,3830
1582,1824
1469,1070
3469,3726
3288,3277
3830,3968
1273,1824
2775,2775
141,200
1113,559
382,559
2177,2344
745,774
1164,1205
1247,1824
955,1788
3868,3917
1179,559
2382,2371
1432,1115
2833,3277
3851,3968
4035,3980
2776,3053
2292,2344
125,200
1665,1205
1429,1824
611,678
1886,1205
2951,3277
2211,2344
2997,3020
3069,2775
3776,3920
1169,1070
2812,3107
725,732
1725,1070
1588,1187
2817,2774
887,873
1018,1824
713,774
657,678
1506,559
3160,3277
3448,3968
2268,2344
2440,2371
1283,1205
2719,3277
578,577
2232,2344
947,1205
908,1187
3349,3277
3628,3567
2603,2344
503,559
1845,1205
790,774
1119,1205
1712,1205
3041,3277
3316,3277
3159,2775
2815,3026
2794,3026
264,110
3326,3107
2769,3026
67,200
1361,1205
811,774
85,200
2369,2353
3112,3277
2096,2344
1000,1070
982,1205
1204,1115
2783,3277
2978,3026
3295,2775
225,227
619,678
1798,1097
405,559
2087,2344
2044,2353
3153,3026
465,559
3763,3591
55,200
1846,1205
3237,3026
1993,2353
3738,3726
107,1205
2652,2344
2574,2353
2285,2344
4021,3998
1628,1115
3464,3726
3757,3708
3100,2775
3227,3026
2982,2703
2983,3020
680,678
873,873
183,200
3878,3690
3084,3026
1593,1187
2841,3107
788,732
3699,3439
1444,1070
2395,2353
3431,3277
2390,2344
1557,1205
1093,1070
2543,2353
2576,2353
3299,3277
4024,3980
1103,1824
3503,3672
2003,2344
1490,559
739,774
2504,2353
2264,2344
3286,3026
880,774
3203,3277
3141,3053
3586,3968
384,559
522,559
